batch_train_samples,val_samples_seen,batch_train_loss,batch_val_acc,batch_val_loss,batch_lr,batch_train_acc,test_acc,lr,avg_test_loss,avg_train_loss,train_acc,epochs,Smoth_loss,Smooth_train,best_loos,diverge
512,30000,0.010663355,0.004866667,0.010422313,0.010057201,0.009765625,,,,,,,0.010422313,0.010663355,0.010422313,No
512,30000,0.010353525,0.0049,0.010422313,0.010114729,0.005859375,,,,,,,0.010422313,0.010647863,0.010422313,No
512,30000,0.010341267,0.004966667,0.010422263,0.010172586,0.005859375,,,,,,,0.010422311,0.010632533,0.010422311,No
512,30000,0.010350694,0.005,0.01042222,0.010230774,0.001953125,,,,,,,0.010422306,0.010618442,0.010422306,No
512,30000,0.010347255,0.004866667,0.010422221,0.010289295,0.005859375,,,,,,,0.010422302,0.010604882,0.010422302,No
512,30000,0.010346944,0.004966667,0.010422166,0.01034815,0.0078125,,,,,,,0.010422295,0.010591985,0.010422295,No
512,30000,0.010349894,0.004866667,0.010422118,0.010407343,0.0078125,,,,,,,0.010422286,0.010579881,0.010422286,No
512,30000,0.01034771,0.004933333,0.010422065,0.010466873,0.00390625,,,,,,,0.010422275,0.010568272,0.010422275,No
512,30000,0.010345493,0.004933333,0.010422057,0.010526745,0.001953125,,,,,,,0.010422264,0.010557133,0.010422264,No
512,30000,0.010351299,0.0049,0.010422069,0.010586959,0.00390625,,,,,,,0.010422255,0.010546841,0.010422255,No
512,30000,0.010349925,0.0048,0.010421998,0.010647517,0.01171875,,,,,,,0.010422242,0.010536996,0.010422242,No
512,30000,0.010350313,0.004833333,0.010421952,0.010708421,0.001953125,,,,,,,0.010422227,0.010527662,0.010422227,No
512,30000,0.010352624,0.004933333,0.010421971,0.010769674,0,,,,,,,0.010422214,0.01051891,0.010422214,No
512,30000,0.010351931,0.0049,0.010421889,0.010831278,0.0078125,,,,,,,0.010422198,0.010510561,0.010422198,No
512,30000,0.010344573,0.004766667,0.010421882,0.010893234,0.00390625,,,,,,,0.010422182,0.010502261,0.010422182,No
512,30000,0.010348653,0.004866667,0.010421801,0.010955544,0.00390625,,,,,,,0.010422163,0.010494581,0.010422163,No
512,30000,0.010346347,0.004833333,0.010421783,0.01101821,0.001953125,,,,,,,0.010422144,0.010487169,0.010422144,No
512,30000,0.010351943,0.004733333,0.010421714,0.011081235,0,,,,,,,0.010422123,0.010480408,0.010422123,No
512,30000,0.010347049,0.0047,0.010421645,0.011144621,0.0078125,,,,,,,0.010422099,0.01047374,0.010422099,No
512,30000,0.010356144,0.0048,0.010421639,0.011208369,0.00390625,,,,,,,0.010422076,0.01046786,0.010422076,No
512,30000,0.010352889,0.004666667,0.010421655,0.011272482,0.005859375,,,,,,,0.010422055,0.010462112,0.010422055,No
512,30000,0.010352888,0.004766667,0.010421598,0.011336961,0.00390625,,,,,,,0.010422032,0.01045665,0.010422032,No
512,30000,0.010347988,0.0048,0.010421562,0.01140181,0.005859375,,,,,,,0.010422008,0.010451217,0.010422008,No
512,30000,0.010352766,0.004833333,0.010421444,0.011467029,0.0078125,,,,,,,0.01042198,0.010446295,0.01042198,No
512,30000,0.010353439,0.004633333,0.010421416,0.011532621,0.00390625,,,,,,,0.010421952,0.010441652,0.010421952,No
512,30000,0.010352233,0.004633333,0.010421444,0.011598589,0.005859375,,,,,,,0.010421927,0.010437181,0.010421927,No
512,30000,0.010344528,0.004766667,0.01042137,0.011664934,0.00390625,,,,,,,0.010421899,0.010432548,0.010421899,No
512,30000,0.010347815,0.004866667,0.010421299,0.011731658,0,,,,,,,0.010421869,0.010428312,0.010421869,No
512,30000,0.010348518,0.004866667,0.010421214,0.011798764,0.009765625,,,,,,,0.010421836,0.010424322,0.010421836,No
512,30000,0.010349814,0.004933333,0.010421188,0.011866254,0,,,,,,,0.010421804,0.010420597,0.010421804,No
512,30000,0.010347366,0.004966667,0.010421125,0.01193413,0.0078125,,,,,,,0.01042177,0.010416935,0.01042177,No
512,30000,0.010351179,0.004866667,0.010421053,0.012002394,0.00390625,,,,,,,0.010421734,0.010413647,0.010421734,No
512,30000,0.010349181,0.005,0.010420998,0.012071049,0.001953125,,,,,,,0.010421697,0.010410424,0.010421697,No
512,30000,0.01034116,0.0049,0.010420955,0.012140096,0.0078125,,,,,,,0.01042166,0.010406961,0.01042166,No
512,30000,0.010347929,0.0048,0.010420921,0.012209538,0.009765625,,,,,,,0.010421623,0.010404009,0.010421623,No
512,30000,0.010348328,0.0049,0.010420843,0.012279378,0.0078125,,,,,,,0.010421584,0.010401225,0.010421584,No
512,30000,0.010347636,0.004933333,0.010420847,0.012349617,0.0078125,,,,,,,0.010421547,0.010398546,0.010421547,No
512,30000,0.010348171,0.0049,0.01042076,0.012420258,0.0078125,,,,,,,0.010421508,0.010396027,0.010421508,No
512,30000,0.010348676,0.004866667,0.010420773,0.012491303,0,,,,,,,0.010421471,0.010393659,0.010421471,No
512,30000,0.010351288,0.005033333,0.010420699,0.012562754,0.00390625,,,,,,,0.010421433,0.010391541,0.010421433,No
512,30000,0.010344939,0.005,0.010420623,0.012634614,0.00390625,,,,,,,0.010421392,0.010389211,0.010421392,No
512,30000,0.010349554,0.004933333,0.010420585,0.012706885,0.00390625,,,,,,,0.010421352,0.010387228,0.010421352,No
512,30000,0.010348197,0.004966667,0.010420589,0.012779569,0.0078125,,,,,,,0.010421314,0.010385276,0.010421314,No
512,30000,0.010354714,0.004833333,0.010420547,0.012852669,0.00390625,,,,,,,0.010421275,0.010383748,0.010421275,No
512,30000,0.010349828,0.005066667,0.010420429,0.012926188,0.0078125,,,,,,,0.010421233,0.010382052,0.010421233,No
512,30000,0.01034467,0.004933333,0.010420362,0.013000126,0.001953125,,,,,,,0.010421189,0.010380183,0.010421189,No
512,30000,0.010344579,0.0049,0.010420347,0.013074488,0.00390625,,,,,,,0.010421147,0.010378403,0.010421147,No
512,30000,0.010335661,0.005,0.010420338,0.013149275,0.00390625,,,,,,,0.010421107,0.010376266,0.010421107,No
512,30000,0.010353681,0.0049,0.010420269,0.01322449,0.00390625,,,,,,,0.010421065,0.010375137,0.010421065,No
512,30000,0.010351786,0.005066667,0.01042028,0.013300135,0.001953125,,,,,,,0.010421026,0.010373969,0.010421026,No
512,30000,0.010345044,0.0054,0.010420176,0.013376213,0.005859375,,,,,,,0.010420983,0.010372523,0.010420983,No
512,30000,0.010352193,0.005066667,0.010420119,0.013452726,0.00390625,,,,,,,0.01042094,0.010371506,0.01042094,No
512,30000,0.010345446,0.005233333,0.010420074,0.013529677,0,,,,,,,0.010420897,0.010370203,0.010420897,No
512,30000,0.01034343,0.005833333,0.010420081,0.013607068,0.00390625,,,,,,,0.010420856,0.010368865,0.010420856,No
512,30000,0.010348345,0.0055,0.010420032,0.013684901,0.00390625,,,,,,,0.010420815,0.010367839,0.010420815,No
512,30000,0.010342231,0.0056,0.010420047,0.01376318,0.001953125,,,,,,,0.010420776,0.010366558,0.010420776,No
512,30000,0.010349068,0.005833333,0.010419974,0.013841907,0.00390625,,,,,,,0.010420736,0.010365684,0.010420736,No
512,30000,0.010353278,0.0056,0.01041988,0.013921083,0.009765625,,,,,,,0.010420693,0.010365063,0.010420693,No
512,30000,0.010347153,0.0061,0.010419862,0.014000713,0.00390625,,,,,,,0.010420652,0.010364168,0.010420652,No
512,30000,0.010344348,0.005466667,0.010419821,0.014080798,0.0078125,,,,,,,0.01042061,0.010363177,0.01042061,No
512,30000,0.01034752,0.005266667,0.010419735,0.014161342,0.0078125,,,,,,,0.010420567,0.010362394,0.010420567,No
512,30000,0.010345222,0.005666667,0.010419691,0.014242346,0.005859375,,,,,,,0.010420523,0.010361536,0.010420523,No
512,30000,0.01035003,0.005,0.010419647,0.014323813,0.0078125,,,,,,,0.010420479,0.01036096,0.010420479,No
512,30000,0.01034486,0.005333333,0.010419626,0.014405746,0.001953125,,,,,,,0.010420436,0.010360155,0.010420436,No
512,30000,0.010344652,0.005233333,0.010419532,0.014488148,0.0078125,,,,,,,0.010420391,0.01035938,0.010420391,No
512,30000,0.010353888,0.0051,0.010419476,0.014571022,0.005859375,,,,,,,0.010420345,0.010359106,0.010420345,No
512,30000,0.010350524,0.004966667,0.010419392,0.014654369,0.00390625,,,,,,,0.010420298,0.010358676,0.010420298,No
512,30000,0.010343516,0.0051,0.010419308,0.014738193,0.00390625,,,,,,,0.010420248,0.010357918,0.010420248,No
512,30000,0.010349683,0.0049,0.010419219,0.014822497,0.005859375,,,,,,,0.010420197,0.010357507,0.010420197,No
512,30000,0.010346906,0.005033333,0.010419213,0.014907283,0.001953125,,,,,,,0.010420148,0.010356977,0.010420148,No
512,30000,0.010345615,0.0051,0.010419123,0.014992554,0.00390625,,,,,,,0.010420096,0.010356408,0.010420096,No
512,30000,0.010346462,0.0053,0.010419096,0.015078312,0,,,,,,,0.010420046,0.010355911,0.010420046,No
512,30000,0.010346998,0.005033333,0.010419049,0.015164561,0.009765625,,,,,,,0.010419996,0.010355465,0.010419996,No
512,30000,0.010346585,0.005033333,0.010418934,0.015251304,0.009765625,,,,,,,0.010419943,0.010355021,0.010419943,No
512,30000,0.01034545,0.005066667,0.010418827,0.015338543,0.005859375,,,,,,,0.010419887,0.010354543,0.010419887,No
512,30000,0.010346145,0.004866667,0.010418827,0.01542628,0.00390625,,,,,,,0.010419834,0.010354123,0.010419834,No
512,30000,0.010346532,0.004733333,0.010418729,0.01551452,0.0078125,,,,,,,0.010419779,0.010353743,0.010419779,No
512,30000,0.010345501,0.004833333,0.010418668,0.015603264,0.013671875,,,,,,,0.010419724,0.010353331,0.010419724,No
512,30000,0.01034789,0.004866667,0.010418618,0.015692516,0,,,,,,,0.010419668,0.010353059,0.010419668,No
512,30000,0.010343785,0.004733333,0.010418509,0.015782278,0.00390625,,,,,,,0.01041961,0.010352596,0.01041961,No
512,30000,0.010351022,0.0049,0.010418466,0.015872554,0.001953125,,,,,,,0.010419553,0.010352517,0.010419553,No
512,30000,0.010344657,0.0049,0.010418341,0.015963347,0.00390625,,,,,,,0.010419493,0.010352124,0.010419493,No
512,30000,0.010343408,0.005033333,0.010418296,0.016054658,0.00390625,,,,,,,0.010419433,0.010351688,0.010419433,No
512,30000,0.01034533,0.0053,0.010418192,0.016146492,0.009765625,,,,,,,0.010419371,0.01035137,0.010419371,No
512,30000,0.010349509,0.005433333,0.010418153,0.016238851,0.001953125,,,,,,,0.01041931,0.010351277,0.01041931,No
512,30000,0.0103457,0.005633333,0.010418066,0.016331739,0.005859375,,,,,,,0.010419248,0.010350998,0.010419248,No
512,30000,0.010348407,0.005466667,0.010417961,0.016425158,0.005859375,,,,,,,0.010419183,0.010350869,0.010419183,No
512,30000,0.01034317,0.005766667,0.010417869,0.016519111,0.009765625,,,,,,,0.010419118,0.010350484,0.010419118,No
512,30000,0.010347228,0.005833333,0.010417799,0.016613602,0.00390625,,,,,,,0.010419052,0.010350321,0.010419052,No
512,30000,0.01034794,0.006066667,0.010417711,0.016708633,0,,,,,,,0.010418985,0.010350202,0.010418985,No
512,30000,0.010345069,0.005866667,0.010417573,0.016804207,0.009765625,,,,,,,0.010418914,0.010349945,0.010418914,No
512,30000,0.010344885,0.006066667,0.010417443,0.016900329,0.00390625,,,,,,,0.01041884,0.010349692,0.01041884,No
512,30000,0.010348964,0.006066667,0.010417325,0.016997,0.005859375,,,,,,,0.010418765,0.010349656,0.010418765,No
512,30000,0.010342866,0.006066667,0.010417225,0.017094224,0.001953125,,,,,,,0.010418688,0.010349316,0.010418688,No
512,30000,0.010344631,0.006566667,0.010417166,0.017192005,0.009765625,,,,,,,0.010418612,0.010349082,0.010418612,No
512,30000,0.010343035,0.006166667,0.01041697,0.017290344,0.005859375,,,,,,,0.01041853,0.01034878,0.01041853,No
512,30000,0.010338775,0.006066667,0.010416917,0.017389246,0.0078125,,,,,,,0.010418449,0.01034828,0.010418449,No
512,30000,0.010345944,0.006266667,0.010416733,0.017488714,0.00390625,,,,,,,0.010418363,0.010348163,0.010418363,No
512,30000,0.01034434,0.006233333,0.010416674,0.017588751,0.001953125,,,,,,,0.010418279,0.010347972,0.010418279,No
512,30000,0.010346633,0.005966667,0.010416558,0.01768936,0.001953125,,,,,,,0.010418193,0.010347905,0.010418193,No
512,30000,0.0103388,0.005833333,0.010416494,0.017790545,0.009765625,,,,,,,0.010418108,0.010347449,0.010418108,No
512,30000,0.010346808,0.006033333,0.010416315,0.017892308,0.005859375,,,,,,,0.010418018,0.010347417,0.010418018,No
512,30000,0.010352341,0.005766667,0.010416154,0.017994654,0.001953125,,,,,,,0.010417925,0.010347664,0.010417925,No
512,30000,0.010346695,0.0057,0.010416021,0.018097584,0.005859375,,,,,,,0.01041783,0.010347615,0.01041783,No
512,30000,0.010343114,0.0059,0.010415837,0.018201104,0.0078125,,,,,,,0.01041773,0.01034739,0.01041773,No
512,30000,0.010341389,0.0058,0.010415745,0.018305216,0.001953125,,,,,,,0.010417631,0.01034709,0.010417631,No
512,30000,0.010345694,0.0062,0.010415599,0.018409923,0.00390625,,,,,,,0.010417529,0.01034702,0.010417529,No
512,30000,0.010343749,0.006333333,0.010415495,0.018515229,0.013671875,,,,,,,0.010417427,0.010346857,0.010417427,No
512,30000,0.010350443,0.006033333,0.010415233,0.018621138,0.009765625,,,,,,,0.010417318,0.010347036,0.010417318,No
512,30000,0.010343866,0.006366667,0.010415163,0.018727652,0.001953125,,,,,,,0.01041721,0.010346878,0.01041721,No
512,30000,0.010347202,0.0064,0.010415062,0.018834776,0.001953125,,,,,,,0.010417103,0.010346894,0.010417103,No
512,30000,0.010340792,0.0063,0.010414805,0.018942512,0.009765625,,,,,,,0.010416988,0.010346589,0.010416988,No
512,30000,0.010341186,0.006666667,0.010414591,0.019050865,0.009765625,,,,,,,0.010416868,0.010346319,0.010416868,No
512,30000,0.010344424,0.006666667,0.010414474,0.019159838,0.0078125,,,,,,,0.010416748,0.010346224,0.010416748,No
512,30000,0.010340636,0.0067,0.010414324,0.019269433,0,,,,,,,0.010416627,0.010345944,0.010416627,No
512,30000,0.010343748,0.007133333,0.010414136,0.019379656,0.0078125,,,,,,,0.010416502,0.010345835,0.010416502,No
512,30000,0.010342611,0.0072,0.010414008,0.019490509,0.0078125,,,,,,,0.010416378,0.010345673,0.010416378,No
512,30000,0.010342503,0.0079,0.010413731,0.019601997,0.01171875,,,,,,,0.010416245,0.010345515,0.010416245,No
512,30000,0.010344705,0.0084,0.010413652,0.019714122,0.001953125,,,,,,,0.010416116,0.010345474,0.010416116,No
512,30000,0.010340356,0.008166667,0.010413383,0.019826888,0.001953125,,,,,,,0.010415979,0.010345218,0.010415979,No
512,30000,0.010342521,0.0085,0.010413146,0.019940299,0.009765625,,,,,,,0.010415837,0.010345084,0.010415837,No
512,30000,0.010332724,0.008933333,0.010412954,0.020054359,0.013671875,,,,,,,0.010415693,0.010344466,0.010415693,No
512,30000,0.010340521,0.009133333,0.010412729,0.020169072,0.00390625,,,,,,,0.010415545,0.010344268,0.010415545,No
512,30000,0.010341197,0.009333333,0.010412474,0.020284441,0.00390625,,,,,,,0.010415391,0.010344115,0.010415391,No
512,30000,0.01033869,0.008966667,0.010412215,0.020400469,0.009765625,,,,,,,0.010415233,0.010343844,0.010415233,No
512,30000,0.010339589,0.0091,0.010411966,0.020517162,0.0078125,,,,,,,0.010415069,0.010343631,0.010415069,No
512,30000,0.010339319,0.008966667,0.010411767,0.020634521,0.013671875,,,,,,,0.010414904,0.010343415,0.010414904,No
512,30000,0.010339949,0.009566667,0.010411524,0.020752552,0.00390625,,,,,,,0.010414735,0.010343242,0.010414735,No
512,30000,0.010338721,0.009866667,0.010411222,0.020871259,0.017578125,,,,,,,0.01041456,0.010343016,0.01041456,No
512,30000,0.010337962,0.010066667,0.010410845,0.020990644,0.015625,,,,,,,0.010414374,0.010342763,0.010414374,No
512,30000,0.01034341,0.010533333,0.01041064,0.021110712,0.00390625,,,,,,,0.010414187,0.010342796,0.010414187,No
512,30000,0.010337112,0.010433333,0.010410223,0.021231467,0.015625,,,,,,,0.010413989,0.010342511,0.010413989,No
512,30000,0.010337089,0.010866667,0.010409923,0.021352913,0.0078125,,,,,,,0.010413786,0.01034224,0.010413786,No
512,30000,0.010334234,0.0109,0.010409547,0.021475053,0.0078125,,,,,,,0.010413574,0.01034184,0.010413574,No
512,30000,0.010340445,0.011133333,0.010409238,0.021597892,0.009765625,,,,,,,0.010413357,0.01034177,0.010413357,No
512,30000,0.01034003,0.011266667,0.01040892,0.021721434,0.015625,,,,,,,0.010413135,0.010341683,0.010413135,No
368,30000,0.014383652,0.0115,0.010408457,0.021845682,0.008152174,,,,,,,0.010412901,0.010543782,0.010412901,No
512,30000,0.010443364,0.0081,0.010408788,0.021970641,0.005859375,0.0115,0.021970641,0.111119001,0.010369616,0.005785714,4,0.010412696,0.010538761,0.010412696,No
512,30000,0.010342225,0.008366667,0.010408034,0.022096315,0.005859375,,,,,,,0.010412462,0.010528934,0.010412462,No
512,30000,0.010338693,0.0087,0.010407379,0.022222708,0.005859375,,,,,,,0.010412208,0.010519422,0.010412208,No
512,30000,0.010334787,0.008966667,0.010406484,0.022349823,0.00390625,,,,,,,0.010411922,0.01051019,0.010411922,No
512,30000,0.010331579,0.009366667,0.010405724,0.022477666,0.0078125,,,,,,,0.010411612,0.01050126,0.010411612,No
512,30000,0.010334386,0.009966667,0.01040475,0.02260624,0.01171875,,,,,,,0.010411269,0.010492916,0.010411269,No
512,30000,0.010325828,0.011,0.010403759,0.02273555,0.013671875,,,,,,,0.010410894,0.010484561,0.010410894,No
512,30000,0.010330542,0.010666667,0.01040265,0.022865599,0.01171875,,,,,,,0.010410481,0.01047686,0.010410481,No
512,30000,0.01033474,0.0109,0.010401542,0.022996392,0.01171875,,,,,,,0.010410034,0.010469754,0.010410034,No
512,30000,0.010329956,0.0112,0.010400389,0.023127933,0.0078125,,,,,,,0.010409552,0.010462765,0.010409552,No
512,30000,0.010332327,0.011533333,0.010399242,0.023260227,0.0078125,,,,,,,0.010409037,0.010456243,0.010409037,No
512,30000,0.010324902,0.0119,0.01039787,0.023393277,0.009765625,,,,,,,0.010408478,0.010449676,0.010408478,No
512,30000,0.010318232,0.012,0.010396596,0.023527089,0.005859375,,,,,,,0.010407884,0.010443103,0.010407884,No
512,30000,0.010328346,0.012033333,0.010394862,0.023661665,0.0078125,,,,,,,0.010407233,0.010437366,0.010407233,No
512,30000,0.010323521,0.011633333,0.010393584,0.023797012,0.0234375,,,,,,,0.010406551,0.010431673,0.010406551,No
512,30000,0.010317746,0.010966667,0.010391796,0.023933133,0.0234375,,,,,,,0.010405813,0.010425977,0.010405813,No
512,30000,0.010313055,0.010633333,0.010390241,0.024070032,0.005859375,,,,,,,0.010405034,0.010420331,0.010405034,No
512,30000,0.01031373,0.010766667,0.010388476,0.024207715,0.015625,,,,,,,0.010404206,0.010415001,0.010404206,No
512,30000,0.010300285,0.010566667,0.010386498,0.024346185,0.01171875,,,,,,,0.010403321,0.010409265,0.010403321,No
512,30000,0.010304343,0.010266667,0.010384579,0.024485447,0.005859375,,,,,,,0.010402384,0.010404019,0.010402384,No
512,30000,0.010298588,0.0101,0.010382766,0.024625506,0.005859375,,,,,,,0.010401403,0.010398747,0.010401403,No
512,30000,0.010315135,0.0096,0.010380667,0.024766366,0.005859375,,,,,,,0.010400366,0.010394567,0.010400366,No
512,30000,0.010303902,0.009566667,0.010378616,0.024908031,0.009765625,,,,,,,0.010399279,0.010390034,0.010399279,No
512,30000,0.010283495,0.009766667,0.010376726,0.025050507,0.015625,,,,,,,0.010398151,0.010384707,0.010398151,No
512,30000,0.010310788,0.010233333,0.010373497,0.025193798,0.01953125,,,,,,,0.010396918,0.010381011,0.010396918,No
512,30000,0.010299083,0.0099,0.010369696,0.025337909,0.009765625,,,,,,,0.010395557,0.010376914,0.010395557,No
512,30000,0.010295215,0.0101,0.010365559,0.025482843,0.01171875,,,,,,,0.010394057,0.010372829,0.010394057,No
512,30000,0.010303136,0.010033333,0.010359948,0.025628607,0.0078125,,,,,,,0.010392352,0.010369345,0.010392352,No
512,30000,0.010271965,0.010433333,0.010353736,0.025775205,0.009765625,,,,,,,0.010390421,0.010364476,0.010390421,No
512,30000,0.010271099,0.009966667,0.010347886,0.025922641,0.001953125,,,,,,,0.010388294,0.010359807,0.010388294,No
512,30000,0.010269701,0.009866667,0.010341796,0.026070921,0.0078125,,,,,,,0.010385969,0.010355302,0.010385969,No
512,30000,0.010270361,0.010166667,0.010336109,0.026220049,0.00390625,,,,,,,0.010383476,0.010351055,0.010383476,No
512,30000,0.010259643,0.010333333,0.010330493,0.026370029,0.009765625,,,,,,,0.010380827,0.010346484,0.010380827,No
512,30000,0.010237128,0.0105,0.010323577,0.026520868,0.00390625,,,,,,,0.010377965,0.010341016,0.010377965,No
512,30000,0.010257093,0.0103,0.010316561,0.02667257,0.009765625,,,,,,,0.010374895,0.01033682,0.010374895,No
512,30000,0.010261291,0.010533333,0.010309522,0.026825139,0.01171875,,,,,,,0.010371626,0.010333044,0.010371626,No
512,30000,0.01026762,0.0114,0.010303913,0.026978581,0.0078125,,,,,,,0.01036824,0.010329772,0.01036824,No
512,30000,0.010270145,0.011233333,0.010298261,0.0271329,0.005859375,,,,,,,0.010364741,0.010326791,0.010364741,No
512,30000,0.010199951,0.012,0.010291888,0.027288103,0.0078125,,,,,,,0.010361099,0.010320449,0.010361099,No
512,30000,0.010262575,0.0123,0.010286164,0.027444193,0.01171875,,,,,,,0.010357352,0.010317555,0.010357352,No
512,30000,0.01024783,0.012733333,0.010277065,0.027601176,0.0078125,,,,,,,0.010353338,0.010314069,0.010353338,No
512,30000,0.010150156,0.012366667,0.010266269,0.027759057,0.025390625,,,,,,,0.010348984,0.010305873,0.010348984,No
512,30000,0.010216208,0.0119,0.010263226,0.027917841,0.00390625,,,,,,,0.010344696,0.01030139,0.010344696,No
512,30000,0.010195217,0.009833333,0.010266976,0.028077533,0.021484375,,,,,,,0.01034081,0.010296081,0.01034081,No
512,30000,0.010144792,0.009433333,0.010259695,0.028238139,0.015625,,,,,,,0.010336755,0.010288517,0.010336755,No
512,30000,0.010234599,0.0098,0.010248729,0.028399663,0.013671875,,,,,,,0.010332353,0.010285821,0.010332353,No
512,30000,0.01013097,0.011866667,0.010236525,0.028562112,0.005859375,,,,,,,0.010327562,0.010278079,0.010327562,No
512,30000,0.010064978,0.0127,0.010226398,0.028725489,0.017578125,,,,,,,0.010322504,0.010267423,0.010322504,No
512,30000,0.01018141,0.011666667,0.010237316,0.028889801,0.015625,,,,,,,0.010318244,0.010263123,0.010318244,No
512,30000,0.010160392,0.0109,0.010254105,0.029055053,0.009765625,,,,,,,0.010315037,0.010257986,0.010315037,No
512,30000,0.010166083,0.011366667,0.010222578,0.02922125,0.017578125,,,,,,,0.010310414,0.010253391,0.010310414,No
512,30000,0.010166908,0.0106,0.010221914,0.029388398,0.013671875,,,,,,,0.010305989,0.010249067,0.010305989,No
512,30000,0.010141673,0.0103,0.01022415,0.029556502,0.009765625,,,,,,,0.010301897,0.010243697,0.010301897,No
512,30000,0.010115314,0.0118,0.010206868,0.029725568,0.015625,,,,,,,0.010297146,0.010237278,0.010297146,No
512,30000,0.01013553,0.012766667,0.010193938,0.0298956,0.01171875,,,,,,,0.010291985,0.010232191,0.010291985,No
512,30000,0.010145922,0.013566667,0.01019139,0.030066606,0.0078125,,,,,,,0.010286956,0.010227877,0.010286956,No
512,30000,0.010075736,0.011766667,0.010191756,0.030238589,0.013671875,,,,,,,0.010282196,0.01022027,0.010282196,No
512,30000,0.010134891,0.0122,0.01018488,0.030411556,0.0078125,,,,,,,0.01027733,0.010216001,0.01027733,No
512,30000,0.010116958,0.012366667,0.010176012,0.030585513,0.015625,,,,,,,0.010272264,0.010211049,0.010272264,No
512,30000,0.010158587,0.013033333,0.010172842,0.030760464,0.017578125,,,,,,,0.010267293,0.010208426,0.010267293,No
512,30000,0.010086989,0.013366667,0.010176708,0.030936417,0.01171875,,,,,,,0.010262764,0.010202354,0.010262764,No
512,30000,0.010103249,0.0124,0.010177228,0.031113375,0.009765625,,,,,,,0.010258487,0.010197399,0.010258487,No
512,30000,0.01005377,0.013433333,0.010145759,0.031291346,0.013671875,,,,,,,0.01025285,0.010190217,0.01025285,No
512,30000,0.010016712,0.012,0.010153731,0.031470335,0.021484375,,,,,,,0.010247894,0.010181542,0.010247894,No
512,30000,0.010125516,0.013233333,0.010154214,0.031650348,0.013671875,,,,,,,0.01024321,0.010178741,0.01024321,No
512,30000,0.010047847,0.013966667,0.010124428,0.031831391,0.01953125,,,,,,,0.010237271,0.010172196,0.010237271,No
512,30000,0.010057591,0.0138,0.010124174,0.032013469,0.01953125,,,,,,,0.010231616,0.010166466,0.010231616,No
512,30000,0.010050082,0.0147,0.010113793,0.032196589,0.01171875,,,,,,,0.010225725,0.010160647,0.010225725,No
512,30000,0.010056286,0.0154,0.010105448,0.032380756,0.021484375,,,,,,,0.010219711,0.010155429,0.010219711,No
512,30000,0.010081525,0.015366667,0.010096294,0.032565976,0.013671875,,,,,,,0.010213541,0.010151733,0.010213541,No
512,30000,0.010058678,0.014933333,0.010083436,0.032752256,0.01171875,,,,,,,0.010207035,0.010147081,0.010207035,No
512,30000,0.010050843,0.015166667,0.010090929,0.032939602,0.005859375,,,,,,,0.01020123,0.010142269,0.01020123,No
512,30000,0.010026255,0.016166667,0.010093905,0.033128019,0.009765625,,,,,,,0.010195864,0.010136468,0.010195864,No
512,30000,0.01000675,0.016933333,0.010075595,0.033317514,0.013671875,,,,,,,0.01018985,0.010129982,0.01018985,No
512,30000,0.01007933,0.014933333,0.010077895,0.033508093,0.00390625,,,,,,,0.010184253,0.01012745,0.010184253,No
512,30000,0.010045329,0.0143,0.010080447,0.033699761,0.021484375,,,,,,,0.010179062,0.010123344,0.010179062,No
512,30000,0.010055276,0.014466667,0.010067568,0.033892527,0.013671875,,,,,,,0.010173488,0.01011994,0.010173488,No
512,30000,0.009932842,0.0138,0.01007155,0.034086395,0.01953125,,,,,,,0.010168391,0.010110585,0.010168391,No
512,30000,0.009964371,0.0134,0.010070602,0.034281372,0.013671875,,,,,,,0.010163501,0.010103275,0.010163501,No
512,30000,0.01003805,0.014766667,0.010090561,0.034477464,0.01953125,,,,,,,0.010159854,0.010100013,0.010159854,No
512,30000,0.009987664,0.016133333,0.010049092,0.034674678,0.015625,,,,,,,0.010154316,0.010094396,0.010154316,No
512,30000,0.009943709,0.0136,0.01011117,0.03487302,0.015625,,,,,,,0.010152159,0.010086861,0.010152159,No
512,30000,0.010004842,0.016166667,0.010053774,0.035072496,0.015625,,,,,,,0.01014724,0.010082761,0.01014724,No
512,30000,0.009929258,0.015866667,0.010060676,0.035273114,0.021484375,,,,,,,0.010142911,0.010075085,0.010142911,No
512,30000,0.01006713,0.016233333,0.010061613,0.035474879,0.01171875,,,,,,,0.010138846,0.010074688,0.010138846,No
512,30000,0.009994262,0.015433333,0.010071875,0.035677798,0.0234375,,,,,,,0.010135498,0.010070666,0.010135498,No
512,30000,0.009961544,0.014666667,0.010064675,0.035881878,0.02734375,,,,,,,0.010131957,0.01006521,0.010131957,No
512,30000,0.010073877,0.0135,0.01006511,0.036087125,0.03125,,,,,,,0.010128614,0.010065644,0.010128614,No
512,30000,0.010022251,0.014066667,0.010046272,0.036293546,0.013671875,,,,,,,0.010124497,0.010063474,0.010124497,No
512,30000,0.009886413,0.013866667,0.010036747,0.036501148,0.013671875,,,,,,,0.01012011,0.010054621,0.01012011,No
512,30000,0.010041249,0.013,0.010063837,0.036709938,0.015625,,,,,,,0.010117296,0.010053952,0.010117296,No
512,30000,0.010034324,0.0149,0.01002435,0.036919921,0.01171875,,,,,,,0.010112649,0.010052971,0.010112649,No
512,30000,0.00991804,0.016333333,0.010047375,0.037131106,0.017578125,,,,,,,0.010109385,0.010046224,0.010109385,No
512,30000,0.009943847,0.016666667,0.010017514,0.037343499,0.025390625,,,,,,,0.010104792,0.010041105,0.010104792,No
512,30000,0.00992782,0.014933333,0.0100407,0.037557107,0.01171875,,,,,,,0.010101587,0.010035441,0.010101587,No
512,30000,0.009972536,0.0158,0.010028278,0.037771937,0.01953125,,,,,,,0.010097922,0.010032296,0.010097922,No
512,30000,0.009940292,0.015866667,0.010002997,0.037987995,0.01171875,,,,,,,0.010093175,0.010027696,0.010093175,No
512,30000,0.009883962,0.0156,0.010023423,0.038205289,0.033203125,,,,,,,0.010089688,0.010020509,0.010089688,No
512,30000,0.009910703,0.016266667,0.009998643,0.038423827,0.015625,,,,,,,0.010085135,0.010015019,0.010085135,No
512,30000,0.009970935,0.0172,0.01000076,0.038643614,0.0234375,,,,,,,0.010080917,0.010012814,0.010080917,No
512,30000,0.009992897,0.019233333,0.010004019,0.038864659,0.017578125,,,,,,,0.010077072,0.010011819,0.010077072,No
512,30000,0.009936072,0.018866667,0.009971174,0.039086968,0.013671875,,,,,,,0.010071777,0.010008031,0.010071777,No
512,30000,0.009856131,0.017466667,0.009973051,0.039310548,0.0234375,,,,,,,0.010066841,0.010000436,0.010066841,No
512,30000,0.01003223,0.0174,0.009970084,0.039535408,0.001953125,,,,,,,0.010062003,0.010002026,0.010062003,No
512,30000,0.009927205,0.017133333,0.009976029,0.039761553,0.025390625,,,,,,,0.010057704,0.009998285,0.010057704,No
512,30000,0.009874461,0.015633333,0.010000323,0.039988993,0.0078125,,,,,,,0.010054835,0.009992094,0.010054835,No
512,30000,0.009895107,0.016333333,0.01000014,0.040217733,0.017578125,,,,,,,0.0100521,0.009987244,0.0100521,No
512,30000,0.009901442,0.017066667,0.009991046,0.040447782,0.009765625,,,,,,,0.010049048,0.009982954,0.010049048,No
512,30000,0.009906963,0.017366667,0.010024717,0.040679146,0.01171875,,,,,,,0.010047831,0.009979155,0.010047831,No
512,30000,0.010018172,0.018033333,0.009964019,0.040911834,0.005859375,,,,,,,0.01004364,0.009981105,0.01004364,No
512,30000,0.009902347,0.0163,0.01000325,0.041145853,0.009765625,,,,,,,0.010041621,0.009977168,0.010041621,No
512,30000,0.009978906,0.0173,0.009956275,0.041381211,0.01171875,,,,,,,0.010037354,0.009977254,0.010037354,No
512,30000,0.009862353,0.0194,0.009954301,0.041617915,0.01953125,,,,,,,0.010033201,0.009971509,0.010033201,No
512,30000,0.009868517,0.020466667,0.009938515,0.041855972,0.005859375,,,,,,,0.010028467,0.00996636,0.010028467,No
512,30000,0.009881534,0.021633333,0.009928298,0.042095392,0.0234375,,,,,,,0.010023458,0.009962118,0.010023458,No
512,30000,0.009862653,0.022233333,0.009921996,0.042336181,0.01171875,,,,,,,0.010018385,0.009957145,0.010018385,No
512,30000,0.009692318,0.0226,0.009915264,0.042578347,0.029296875,,,,,,,0.010013229,0.009943904,0.010013229,No
512,30000,0.009759733,0.022066667,0.009915885,0.042821899,0.03125,,,,,,,0.010008362,0.009934695,0.010008362,No
512,30000,0.009887737,0.021966667,0.00989245,0.043066843,0.037109375,,,,,,,0.010002566,0.009932347,0.010002566,No
512,30000,0.009984692,0.023566667,0.00987986,0.043313189,0.017578125,,,,,,,0.009996431,0.009934965,0.009996431,No
512,30000,0.009797956,0.0244,0.009905731,0.043560944,0.03125,,,,,,,0.009991896,0.009928114,0.009991896,No
512,30000,0.009879457,0.0234,0.00990797,0.043810116,0.01953125,,,,,,,0.0099877,0.009925681,0.0099877,No
512,30000,0.009727565,0.023366667,0.009885231,0.044060714,0.0234375,,,,,,,0.009982576,0.009915775,0.009982576,No
512,30000,0.009802247,0.0232,0.009893787,0.044312744,0.0234375,,,,,,,0.009978137,0.009910099,0.009978137,No
512,30000,0.009787997,0.023266667,0.009872747,0.044566217,0.029296875,,,,,,,0.009972867,0.009903994,0.009972867,No
512,30000,0.009787017,0.023333333,0.009866377,0.044821139,0.025390625,,,,,,,0.009967543,0.009898145,0.009967543,No
512,30000,0.009849422,0.0217,0.009868827,0.04507752,0.015625,,,,,,,0.009962607,0.009895709,0.009962607,No
512,30000,0.009819747,0.023466667,0.009875574,0.045335367,0.0234375,,,,,,,0.009958255,0.009891911,0.009958255,No
512,30000,0.00973146,0.023466667,0.009877936,0.045594689,0.02734375,,,,,,,0.009954239,0.009883888,0.009954239,No
512,30000,0.009792658,0.022266667,0.009907746,0.045855494,0.013671875,,,,,,,0.009951915,0.009879327,0.009951915,No
512,30000,0.009905241,0.023333333,0.009890366,0.046117791,0.015625,,,,,,,0.009948837,0.009880623,0.009948837,No
512,30000,0.009828931,0.0223,0.009905385,0.046381588,0.02734375,,,,,,,0.009946665,0.009878038,0.009946665,No
512,30000,0.00970356,0.018633333,0.009929152,0.046646895,0.02734375,,,,,,,0.009945789,0.009869314,0.009945789,No
512,30000,0.009853741,0.0221,0.009836556,0.046913719,0.025390625,,,,,,,0.009940327,0.009868535,0.009940327,No
512,30000,0.00972304,0.0211,0.009889333,0.047182069,0.025390625,,,,,,,0.009937778,0.009861261,0.009937778,No
512,30000,0.009776225,0.021066667,0.00984763,0.047451954,0.01953125,,,,,,,0.00993327,0.009857009,0.00993327,No
368,30000,0.013700343,0.022233333,0.009831236,0.047723383,0.024456522,,,,,,,0.009928169,0.010049176,0.009928169,No
512,30000,0.010313466,0.021333333,0.009941332,0.047996365,0.0234375,0.0233,0.047996365,0.104778082,0.010095188,0.014885714,4,0.009928827,0.01006239,0.009928169,No
512,30000,0.009857012,0.0201,0.009995829,0.048270908,0.01953125,,,,,,,0.009932177,0.010052121,0.009928169,No
512,30000,0.009949215,0.019833333,0.009942298,0.048547021,0.0234375,,,,,,,0.009932683,0.010046976,0.009928169,No
512,30000,0.009942395,0.020033333,0.009986973,0.048824714,0.01171875,,,,,,,0.009935397,0.010041747,0.009928169,No
512,30000,0.009942252,0.020066667,0.009980233,0.049103995,0.015625,,,,,,,0.009937639,0.010036772,0.009928169,No
512,30000,0.009919051,0.021766667,0.00995675,0.049384874,0.02734375,,,,,,,0.009938595,0.010030886,0.009928169,No
512,30000,0.009963265,0.019533333,0.009959037,0.04966736,0.009765625,,,,,,,0.009939617,0.010027505,0.009928169,No
512,30000,0.009895108,0.0177,0.009957284,0.049951461,0.013671875,,,,,,,0.0099405,0.010020885,0.009928169,No
512,30000,0.009873939,0.017466667,0.009948187,0.050237187,0.013671875,,,,,,,0.009940885,0.010013538,0.009928169,No
512,30000,0.009898617,0.018133333,0.009935971,0.050524548,0.009765625,,,,,,,0.009940639,0.010007792,0.009928169,No
512,30000,0.009833948,0.021266667,0.009906274,0.050813552,0.015625,,,,,,,0.009938921,0.0099991,0.009928169,No
512,30000,0.009799783,0.024166667,0.009892583,0.05110421,0.017578125,,,,,,,0.009936604,0.009989134,0.009928169,No
512,30000,0.009900536,0.0245,0.009855495,0.05139653,0.01953125,,,,,,,0.009932548,0.009984704,0.009928169,No
512,30000,0.010021054,0.025866667,0.009870487,0.051690522,0.017578125,,,,,,,0.009929445,0.009986521,0.009928169,No
512,30000,0.009770938,0.0252,0.009910383,0.051986196,0.009765625,,,,,,,0.009928492,0.009975742,0.009928169,No
512,30000,0.009887822,0.023633333,0.009897787,0.052283562,0.029296875,,,,,,,0.009926957,0.009971346,0.009926957,No
512,30000,0.009815818,0.026533333,0.009864762,0.052582628,0.021484375,,,,,,,0.009923847,0.00996357,0.009923847,No
512,30000,0.009773307,0.0256,0.009856713,0.052883405,0.01953125,,,,,,,0.00992049,0.009954057,0.00992049,No
512,30000,0.009753603,0.022566667,0.009887886,0.053185902,0.025390625,,,,,,,0.00991886,0.009944034,0.00991886,No
512,30000,0.00976746,0.022266667,0.009829222,0.053490129,0.0234375,,,,,,,0.009914378,0.009935205,0.009914378,No
512,30000,0.009842642,0.024433333,0.009875271,0.053796097,0.013671875,,,,,,,0.009912423,0.009930577,0.009912423,No
512,30000,0.009813312,0.024233333,0.009858671,0.054103815,0.013671875,,,,,,,0.009909735,0.009924714,0.009909735,No
512,30000,0.009642201,0.021733333,0.009936983,0.054413293,0.025390625,,,,,,,0.009911098,0.009910588,0.009909735,No
512,30000,0.009824822,0.0252,0.009791112,0.054724542,0.033203125,,,,,,,0.009905098,0.0099063,0.009905098,No
512,30000,0.009748645,0.022366667,0.009865069,0.055037571,0.0234375,,,,,,,0.009903097,0.009898417,0.009903097,No
512,30000,0.009771398,0.0255,0.009811361,0.05535239,0.02734375,,,,,,,0.00989851,0.009892066,0.00989851,No
512,30000,0.009712437,0.0245,0.009830944,0.05566901,0.025390625,,,,,,,0.009895132,0.009883085,0.009895132,No
512,30000,0.009740547,0.027166667,0.009740023,0.055987441,0.0234375,,,,,,,0.009887376,0.009875958,0.009887376,No
512,30000,0.009609865,0.028433333,0.009741704,0.056307694,0.03515625,,,,,,,0.009880093,0.009862653,0.009880093,No
512,30000,0.009665976,0.024966667,0.00980771,0.056629778,0.021484375,,,,,,,0.009876474,0.009852819,0.009876474,No
512,30000,0.009513663,0.022966667,0.009802142,0.056953705,0.029296875,,,,,,,0.009872757,0.009835862,0.009872757,No
512,30000,0.009684789,0.027933333,0.009730088,0.057279485,0.0234375,,,,,,,0.009865624,0.009828308,0.009865624,No
512,30000,0.009655906,0.029866667,0.009700127,0.057607128,0.02734375,,,,,,,0.009857349,0.009819688,0.009857349,No
512,30000,0.009717781,0.031466667,0.009692577,0.057936646,0.0078125,,,,,,,0.00984911,0.009814592,0.00984911,No
512,30000,0.009588098,0.0322,0.009693773,0.058268048,0.033203125,,,,,,,0.009841343,0.009803268,0.009841343,No
512,30000,0.009692918,0.0312,0.009692904,0.058601346,0.04296875,,,,,,,0.009833921,0.00979775,0.009833921,No
512,30000,0.009528828,0.030333333,0.009724074,0.05893655,0.046875,,,,,,,0.009828429,0.009784304,0.009828429,No
512,30000,0.009696874,0.0319,0.009715659,0.059273672,0.015625,,,,,,,0.009822791,0.009779933,0.009822791,No
512,30000,0.009684549,0.0349,0.009690908,0.059612722,0.03125,,,,,,,0.009816196,0.009775163,0.009816196,No
512,30000,0.009633554,0.035266667,0.009697274,0.059953712,0.029296875,,,,,,,0.00981025,0.009768083,0.00981025,No
512,30000,0.009714263,0.030233333,0.009808293,0.060296652,0.021484375,,,,,,,0.009810152,0.009765392,0.009810152,No
512,30000,0.00974149,0.032033333,0.009720212,0.060641553,0.0390625,,,,,,,0.009805655,0.009764197,0.009805655,No
512,30000,0.009643178,0.031466667,0.009703064,0.060988428,0.0234375,,,,,,,0.009800526,0.009758146,0.009800526,No
512,30000,0.009618558,0.027033333,0.009754871,0.061337286,0.0234375,,,,,,,0.009798243,0.009751166,0.009798243,No
512,30000,0.00967457,0.0296,0.009689598,0.061688141,0.0234375,,,,,,,0.009792811,0.009747337,0.009792811,No
512,30000,0.009513875,0.031066667,0.009665637,0.062041002,0.033203125,,,,,,,0.009786452,0.009735664,0.009786452,No
512,30000,0.009627573,0.0319,0.009659361,0.062395881,0.025390625,,,,,,,0.009780098,0.009730259,0.009780098,No
512,30000,0.009637589,0.0315,0.009731297,0.062752791,0.01953125,,,,,,,0.009777658,0.009725626,0.009777658,No
512,30000,0.009739189,0.033866667,0.009621398,0.063111742,0.029296875,,,,,,,0.009769845,0.009726304,0.009769845,No
512,30000,0.009566425,0.029133333,0.009715097,0.063472746,0.033203125,,,,,,,0.009767107,0.00971831,0.009767107,No
512,30000,0.00977476,0.0311,0.009658327,0.063835815,0.025390625,,,,,,,0.009761668,0.009721132,0.009761668,No
512,30000,0.009590466,0.0299,0.00966355,0.064200961,0.025390625,,,,,,,0.009756762,0.009714599,0.009756762,No
512,30000,0.009614086,0.027533333,0.009722021,0.064568196,0.041015625,,,,,,,0.009755025,0.009709573,0.009755025,No
512,30000,0.009658935,0.029133333,0.009658807,0.064937531,0.025390625,,,,,,,0.009750214,0.009707041,0.009750214,No
512,30000,0.009623668,0.0305,0.009632186,0.065308979,0.02734375,,,,,,,0.009744313,0.009702873,0.009744313,No
512,30000,0.009638798,0.031266667,0.009650373,0.065682551,0.0390625,,,,,,,0.009739616,0.009699669,0.009739616,No
512,30000,0.009578644,0.0309,0.009638789,0.066058261,0.029296875,,,,,,,0.009734575,0.009693618,0.009734575,No
512,30000,0.009407734,0.034166667,0.009620194,0.066436119,0.04296875,,,,,,,0.009728856,0.009679324,0.009728856,No
512,30000,0.009617607,0.0306,0.009709825,0.066816139,0.041015625,,,,,,,0.009727904,0.009676238,0.009727904,No
512,30000,0.009641997,0.029366667,0.009671027,0.067198333,0.029296875,,,,,,,0.00972506,0.009674526,0.00972506,No
512,30000,0.0095444,0.029466667,0.009686166,0.067582713,0.03125,,,,,,,0.009723115,0.009668019,0.009723115,No
512,30000,0.009559155,0.0284,0.009719577,0.067969291,0.025390625,,,,,,,0.009722939,0.009662576,0.009722939,No
512,30000,0.009673392,0.032466667,0.00964476,0.068358081,0.021484375,,,,,,,0.00971903,0.009663117,0.00971903,No
512,30000,0.009585585,0.032233333,0.009637666,0.068749095,0.04296875,,,,,,,0.009714961,0.00965924,0.009714961,No
512,30000,0.009529466,0.0317,0.009675289,0.069142345,0.041015625,,,,,,,0.009712978,0.009652752,0.009712978,No
512,30000,0.009583522,0.031466667,0.00967799,0.069537845,0.02734375,,,,,,,0.009711228,0.00964929,0.009711228,No
512,30000,0.009493647,0.032933333,0.00968896,0.069935607,0.037109375,,,,,,,0.009710115,0.009641508,0.009710115,No
512,30000,0.009756743,0.034966667,0.009662594,0.070335644,0.029296875,,,,,,,0.009707739,0.00964727,0.009707739,No
512,30000,0.00970155,0.030033333,0.009658937,0.07073797,0.029296875,,,,,,,0.009705299,0.009649984,0.009705299,No
512,30000,0.009594755,0.030433333,0.009599901,0.071142596,0.029296875,,,,,,,0.009700029,0.009647222,0.009700029,No
512,30000,0.009615369,0.029533333,0.00957944,0.071549538,0.02734375,,,,,,,0.009693999,0.00964563,0.009693999,No
512,30000,0.009466956,0.027866667,0.009598069,0.071958807,0.044921875,,,,,,,0.009689203,0.009636696,0.009689203,No
512,30000,0.009480098,0.0272,0.009607277,0.072370417,0.041015625,,,,,,,0.009685107,0.009628866,0.009685107,No
512,30000,0.00951101,0.026466667,0.009582823,0.072784382,0.037109375,,,,,,,0.009679992,0.009622973,0.009679992,No
512,30000,0.009468768,0.029333333,0.009586008,0.073200714,0.041015625,,,,,,,0.009675293,0.009615263,0.009675293,No
512,30000,0.009389875,0.031866667,0.009561061,0.073619428,0.03125,,,,,,,0.009669582,0.009603994,0.009669582,No
512,30000,0.009397773,0.031733333,0.009609101,0.074040537,0.041015625,,,,,,,0.009666558,0.009593683,0.009666558,No
512,30000,0.009510064,0.034966667,0.009581918,0.074464055,0.0390625,,,,,,,0.009662326,0.009589502,0.009662326,No
512,30000,0.00949748,0.033,0.009667144,0.074889995,0.02734375,,,,,,,0.009662567,0.009584901,0.009662326,No
512,30000,0.009722162,0.0283,0.00971775,0.075318372,0.029296875,,,,,,,0.009665326,0.009591764,0.009662326,No
512,30000,0.009552435,0.0294,0.009712982,0.075749199,0.046875,,,,,,,0.009667708,0.009589797,0.009662326,No
512,30000,0.009594168,0.033033333,0.009595496,0.076182491,0.021484375,,,,,,,0.009664098,0.009590016,0.009662326,No
512,30000,0.009584709,0.0299,0.009724762,0.076618261,0.041015625,,,,,,,0.009667131,0.00958975,0.009662326,No
512,30000,0.009760175,0.0327,0.009643556,0.077056523,0.029296875,,,,,,,0.009665952,0.009598272,0.009662326,No
512,30000,0.00970332,0.031933333,0.009686169,0.077497293,0.013671875,,,,,,,0.009666963,0.009603524,0.009662326,No
512,30000,0.00955742,0.0316,0.009677364,0.077940583,0.04296875,,,,,,,0.009667483,0.009601219,0.009662326,No
512,30000,0.009705541,0.029033333,0.00970266,0.07838641,0.033203125,,,,,,,0.009669242,0.009606435,0.009662326,No
512,30000,0.009727321,0.031233333,0.00966661,0.078834786,0.02734375,,,,,,,0.00966911,0.009612479,0.009662326,No
512,30000,0.009663341,0.0335,0.009662797,0.079285727,0.041015625,,,,,,,0.009668795,0.009615022,0.009662326,No
512,30000,0.009515474,0.0329,0.009658331,0.079739248,0.033203125,,,,,,,0.009668272,0.009610045,0.009662326,No
512,30000,0.00955929,0.035366667,0.009628461,0.080195363,0.03515625,,,,,,,0.009666281,0.009607507,0.009662326,No
512,30000,0.009636778,0.029233333,0.009738854,0.080654087,0.04296875,,,,,,,0.00966991,0.009608971,0.009662326,No
512,30000,0.009618096,0.029633333,0.009586436,0.081115435,0.03515625,,,,,,,0.009665736,0.009609427,0.009662326,No
512,30000,0.009494727,0.025533333,0.009799334,0.081579422,0.021484375,,,,,,,0.009672416,0.009603692,0.009662326,No
512,30000,0.009650981,0.0265,0.00971552,0.082046062,0.041015625,,,,,,,0.009674571,0.009606056,0.009662326,No
512,30000,0.009705001,0.0278,0.009696482,0.082515372,0.021484375,,,,,,,0.009675667,0.009611004,0.009662326,No
512,30000,0.009701495,0.032733333,0.009645509,0.082987367,0.037109375,,,,,,,0.009674159,0.009615528,0.009662326,No
512,30000,0.009446909,0.033966667,0.00957983,0.083462061,0.0390625,,,,,,,0.009669442,0.009607097,0.009662326,No
512,30000,0.009509353,0.035,0.009568713,0.083939471,0.04296875,,,,,,,0.009664406,0.00960221,0.009662326,No
512,30000,0.009613954,0.036333333,0.009590002,0.084419612,0.0234375,,,,,,,0.009660686,0.009602797,0.009660686,No
512,30000,0.009545877,0.038766667,0.0095699,0.084902498,0.0390625,,,,,,,0.009656146,0.009599951,0.009656146,No
512,30000,0.009369859,0.040166667,0.009508421,0.085388148,0.046875,,,,,,,0.00964876,0.009588447,0.00964876,No
512,30000,0.00948526,0.0405,0.009503722,0.085876575,0.04296875,,,,,,,0.009641508,0.009583287,0.009641508,No
512,30000,0.009378995,0.038033333,0.009488863,0.086367795,0.048828125,,,,,,,0.009633876,0.009573073,0.009633876,No
512,30000,0.009417557,0.033966667,0.009498129,0.086861826,0.0390625,,,,,,,0.009627089,0.009565297,0.009627089,No
512,30000,0.009569946,0.037066667,0.009502283,0.087358683,0.03125,,,,,,,0.009620848,0.009565529,0.009620848,No
512,30000,0.009392329,0.0383,0.009499556,0.087858381,0.0390625,,,,,,,0.009614784,0.009556869,0.009614784,No
512,30000,0.009275898,0.0372,0.009553463,0.088360938,0.044921875,,,,,,,0.009611718,0.009542821,0.009611718,No
512,30000,0.009520442,0.0376,0.009570193,0.08886637,0.04296875,,,,,,,0.009609641,0.009541702,0.009609641,No
512,30000,0.009592109,0.0387,0.009462814,0.089374693,0.037109375,,,,,,,0.0096023,0.009544222,0.0096023,No
512,30000,0.009445333,0.0358,0.009496346,0.089885923,0.046875,,,,,,,0.009597002,0.009539278,0.009597002,No
512,30000,0.009371404,0.034266667,0.009509507,0.090400078,0.041015625,,,,,,,0.009592628,0.009530884,0.009592628,No
512,30000,0.00946445,0.0338,0.009517328,0.090917173,0.03515625,,,,,,,0.009588863,0.009527562,0.009588863,No
512,30000,0.009488477,0.032833333,0.00950243,0.091437227,0.041015625,,,,,,,0.009584541,0.009525608,0.009584541,No
512,30000,0.009437983,0.0333,0.009531215,0.091960255,0.041015625,,,,,,,0.009581875,0.009521227,0.009581875,No
512,30000,0.009471354,0.0402,0.009513324,0.092486275,0.033203125,,,,,,,0.009578447,0.009518733,0.009578447,No
512,30000,0.009392422,0.039166667,0.009557349,0.093015304,0.037109375,,,,,,,0.009577392,0.009512418,0.009577392,No
512,30000,0.009544681,0.0391,0.009484791,0.093547359,0.03515625,,,,,,,0.009572762,0.009514031,0.009572762,No
512,30000,0.009445663,0.035833333,0.009607988,0.094082458,0.048828125,,,,,,,0.009574524,0.009510612,0.009572762,No
512,30000,0.00953147,0.038,0.009531798,0.094620617,0.03515625,,,,,,,0.009572387,0.009511655,0.009572387,No
512,30000,0.009506073,0.037033333,0.009575348,0.095161854,0.04296875,,,,,,,0.009572535,0.009511376,0.009572387,No
512,30000,0.009494395,0.0431,0.009466135,0.095706188,0.044921875,,,,,,,0.009567215,0.009510527,0.009567215,No
512,30000,0.009458743,0.0417,0.009470591,0.096253635,0.05078125,,,,,,,0.009562384,0.009507938,0.009562384,No
512,30000,0.009305107,0.0381,0.009563472,0.096804213,0.033203125,,,,,,,0.009562438,0.009497796,0.009562384,No
512,30000,0.009522256,0.040233333,0.009485085,0.097357941,0.03515625,,,,,,,0.009558571,0.009499019,0.009558571,No
512,30000,0.009356868,0.041233333,0.009456205,0.097914836,0.03125,,,,,,,0.009553453,0.009491912,0.009553453,No
512,30000,0.009392572,0.040833333,0.009471167,0.098474917,0.04296875,,,,,,,0.009549338,0.009486945,0.009549338,No
512,30000,0.009359063,0.040666667,0.009513134,0.099038201,0.0390625,,,,,,,0.009547528,0.009480551,0.009547528,No
512,30000,0.009356012,0.042833333,0.009455004,0.099604708,0.037109375,,,,,,,0.009542902,0.009474324,0.009542902,No
512,30000,0.009357886,0.0376,0.009534311,0.100174455,0.0546875,,,,,,,0.009542472,0.009468502,0.009542472,No
512,30000,0.00933966,0.040066667,0.009622666,0.100747461,0.044921875,,,,,,,0.009546482,0.00946206,0.009542472,No
512,30000,0.00957892,0.039733333,0.009486562,0.101323744,0.03515625,,,,,,,0.009543486,0.009467903,0.009542472,No
512,30000,0.009298475,0.035633333,0.009557596,0.101903324,0.04296875,,,,,,,0.009544191,0.009459431,0.009542472,No
512,30000,0.009456293,0.035833333,0.009560419,0.102486219,0.02734375,,,,,,,0.009545003,0.009459274,0.009542472,No
512,30000,0.00949222,0.038666667,0.009587944,0.103072449,0.041015625,,,,,,,0.00954715,0.009460922,0.009542472,No
512,30000,0.009475691,0.039966667,0.009474312,0.103662031,0.044921875,,,,,,,0.009543508,0.00946166,0.009542472,No
368,30000,0.013126805,0.037766667,0.009587098,0.104254986,0.029891304,,,,,,,0.009545687,0.009644917,0.009542472,No
512,30000,0.011300314,0.0271,0.010630956,0.104851333,0.03515625,0.0373,0.104851333,0.101829435,0.009632766,0.031557143,4,0.009599951,0.009727687,0.009542472,No
512,30000,0.010423352,0.015766667,0.011008692,0.105451091,0.029296875,,,,,,,0.009670388,0.009762471,0.009542472,No
512,30000,0.011021775,0.011033333,0.010253669,0.10605428,0.013671875,,,,,,,0.009699552,0.009825436,0.009542472,No
512,30000,0.010321027,0.0171,0.0102295,0.106660919,0.009765625,,,,,,,0.009726049,0.009850215,0.009542472,No
512,30000,0.010114305,0.0148,0.010282736,0.107271028,0.01953125,,,,,,,0.009753884,0.00986342,0.009542472,No
512,30000,0.010213368,0.011566667,0.010266156,0.107884627,0.021484375,,,,,,,0.009779497,0.009880917,0.009542472,No
512,30000,0.010180482,0.0105,0.010337242,0.108501735,0.01171875,,,,,,,0.009807385,0.009895895,0.009542472,No
512,30000,0.010301928,0.012266667,0.010273632,0.109122374,0.01171875,,,,,,,0.009830697,0.009916197,0.009542472,No
512,30000,0.010151404,0.011333333,0.010260775,0.109746563,0.013671875,,,,,,,0.009852201,0.009927957,0.009542472,No
512,30000,0.010105288,0.013766667,0.010213296,0.110374322,0.009765625,,,,,,,0.009870256,0.009936824,0.009542472,No
512,30000,0.010126149,0.014233333,0.010158058,0.111005672,0.013671875,,,,,,,0.009884646,0.00994629,0.009542472,No
512,30000,0.010102225,0.007333333,0.010536527,0.111640633,0.009765625,,,,,,,0.00991724,0.009954087,0.009542472,No
512,30000,0.010457389,0.0115,0.010402262,0.112279226,0.01171875,,,,,,,0.009941491,0.009979252,0.009542472,No
512,30000,0.010212835,0.007833333,0.010477202,0.112921473,0.00390625,,,,,,,0.009968276,0.009990931,0.009542472,No
512,30000,0.010388164,0.009666667,0.010317804,0.113567392,0.013671875,,,,,,,0.009985753,0.010010793,0.009542472,No
512,30000,0.010237885,0.008466667,0.010425348,0.114217007,0.009765625,,,,,,,0.010007733,0.010022147,0.009542472,No
512,30000,0.010345872,0.008,0.010345055,0.114870337,0.0078125,,,,,,,0.010024599,0.010038334,0.009542472,No
512,30000,0.010241151,0.004466667,0.010378937,0.115527405,0.01171875,,,,,,,0.010042316,0.010048474,0.009542472,No
512,30000,0.010301498,0.0043,0.010385276,0.116188231,0.005859375,,,,,,,0.010059464,0.010061126,0.009542472,No
512,30000,0.010272473,0.0071,0.010331734,0.116852837,0.001953125,,,,,,,0.010073077,0.010071693,0.009542472,No
512,30000,0.010277883,0.011,0.010278451,0.117521245,0.013671875,,,,,,,0.010083346,0.010082002,0.009542472,No
512,30000,0.010176572,0.0093,0.010347837,0.118193475,0.009765625,,,,,,,0.01009657,0.010086731,0.009542472,No
512,30000,0.010268552,0.012666667,0.01022164,0.118869552,0.0078125,,,,,,,0.010102824,0.010095822,0.009542472,No
512,30000,0.010127101,0.012066667,0.010195133,0.119549495,0.017578125,,,,,,,0.010107439,0.010097386,0.009542472,No
512,30000,0.010151084,0.009966667,0.010180047,0.120233328,0.01171875,,,,,,,0.01011107,0.010100071,0.009542472,No
512,30000,0.010104143,0.010633333,0.010198037,0.120921072,0.009765625,,,,,,,0.010115418,0.010100274,0.009542472,No
512,30000,0.010105554,0.013033333,0.010133845,0.12161275,0.013671875,,,,,,,0.010116339,0.010100538,0.009542472,No
512,30000,0.010014954,0.013966667,0.010100891,0.122308385,0.021484375,,,,,,,0.010115567,0.010096259,0.009542472,No
512,30000,0.009951152,0.014766667,0.010111532,0.123007999,0.015625,,,,,,,0.010115365,0.010089004,0.009542472,No
512,30000,0.010093428,0.014733333,0.010102731,0.123711614,0.009765625,,,,,,,0.010114734,0.010089225,0.009542472,No
512,30000,0.010049368,0.013066667,0.010124552,0.124419254,0.013671875,,,,,,,0.010115224,0.010087232,0.009542472,No
512,30000,0.010013097,0.0139,0.010138129,0.125130943,0.01171875,,,,,,,0.01011637,0.010083525,0.009542472,No
512,30000,0.010001993,0.013033333,0.010111144,0.125846702,0.0078125,,,,,,,0.010116108,0.010079449,0.009542472,No
512,30000,0.010096558,0.013633333,0.010131775,0.126566555,0.005859375,,,,,,,0.010116892,0.010080304,0.009542472,No
512,30000,0.009994195,0.012833333,0.010093811,0.127290526,0.025390625,,,,,,,0.010115738,0.010075999,0.009542472,No
512,30000,0.010006427,0.013,0.010134855,0.128018638,0.0078125,,,,,,,0.010116694,0.01007252,0.009542472,No
512,30000,0.009980609,0.011966667,0.010078186,0.128750914,0.021484375,,,,,,,0.010114768,0.010067925,0.009542472,No
512,30000,0.00998661,0.013133333,0.010087718,0.12948738,0.005859375,,,,,,,0.010113416,0.010063859,0.009542472,No
512,30000,0.010048389,0.014733333,0.010037124,0.130228058,0.017578125,,,,,,,0.010109601,0.010063085,0.009542472,No
512,30000,0.00982907,0.0127,0.010054055,0.130972973,0.025390625,,,,,,,0.010106824,0.010051385,0.009542472,No
512,30000,0.009865402,0.011966667,0.010087231,0.131722149,0.009765625,,,,,,,0.010105844,0.010042086,0.009542472,No
512,30000,0.01003245,0.0133,0.010077229,0.13247561,0.009765625,,,,,,,0.010104413,0.010041604,0.009542472,No
512,30000,0.009978641,0.0136,0.010020896,0.133233381,0.017578125,,,,,,,0.010100237,0.010038456,0.009542472,No
512,30000,0.009952933,0.0142,0.010018032,0.133995487,0.0078125,,,,,,,0.010096127,0.01003418,0.009542472,No
512,30000,0.009925745,0.016733333,0.009983024,0.134761952,0.009765625,,,,,,,0.010090472,0.010028758,0.009542472,No
512,30000,0.009829749,0.0165,0.009986605,0.135532801,0.01171875,,,,,,,0.010085279,0.010018807,0.009542472,No
512,30000,0.009881787,0.0155,0.009985187,0.136308059,0.013671875,,,,,,,0.010080274,0.010011956,0.009542472,No
512,30000,0.009865598,0.016366667,0.009956261,0.137087752,0.013671875,,,,,,,0.010074073,0.010004638,0.009542472,No
512,30000,0.009944309,0.0182,0.009960013,0.137871905,0.009765625,,,,,,,0.01006837,0.010001622,0.009542472,No
512,30000,0.010018987,0.019,0.009960668,0.138660544,0.009765625,,,,,,,0.010062985,0.01000249,0.009542472,No
512,30000,0.00987009,0.018966667,0.009962246,0.139453693,0.01953125,,,,,,,0.010057948,0.00999587,0.009542472,No
512,30000,0.009847991,0.0197,0.009924232,0.140251379,0.01171875,,,,,,,0.010051262,0.009988476,0.009542472,No
512,30000,0.009840688,0.0173,0.009994113,0.141053628,0.01953125,,,,,,,0.010048405,0.009981087,0.009542472,No
512,30000,0.009864609,0.018966667,0.009958027,0.141860466,0.021484375,,,,,,,0.010043886,0.009975263,0.009542472,No
512,30000,0.009952485,0.0189,0.009948582,0.14267192,0.015625,,,,,,,0.010039121,0.009974124,0.009542472,No
512,30000,0.009832432,0.019133333,0.009931261,0.143488014,0.017578125,,,,,,,0.010033728,0.009967039,0.009542472,No
512,30000,0.009871888,0.016366667,0.010001326,0.144308777,0.015625,,,,,,,0.010032108,0.009962282,0.009542472,No
512,30000,0.009860131,0.0155,0.010106883,0.145134235,0.009765625,,,,,,,0.010035847,0.009957174,0.009542472,No
512,30000,0.010029101,0.015433333,0.010133887,0.145964415,0.017578125,,,,,,,0.010040749,0.009960771,0.009542472,No
512,30000,0.010164997,0.0187,0.009982816,0.146799343,0.013671875,,,,,,,0.010037852,0.009970982,0.009542472,No
512,30000,0.009920383,0.015633333,0.010044464,0.147639047,0.025390625,,,,,,,0.010038183,0.009968452,0.009542472,No
512,30000,0.009957635,0.016733333,0.010043051,0.148483554,0.013671875,,,,,,,0.010038426,0.009967911,0.009542472,No
512,30000,0.010027806,0.0212,0.00996301,0.149332892,0.021484375,,,,,,,0.010034655,0.009970906,0.009542472,No
512,30000,0.009857007,0.0202,0.009956415,0.150187088,0.021484375,,,,,,,0.010030743,0.009965211,0.009542472,No
512,30000,0.00990029,0.017533333,0.010068785,0.15104617,0.0234375,,,,,,,0.010032645,0.009961965,0.009542472,No
512,30000,0.010107545,0.0117,0.01013437,0.151910166,0.015625,,,,,,,0.010037731,0.009969244,0.009542472,No
512,30000,0.009933819,0.0185,0.009992224,0.152779104,0.015625,,,,,,,0.010035456,0.009967473,0.009542472,No
512,30000,0.009908078,0.015366667,0.010038588,0.153653013,0.021484375,,,,,,,0.010035613,0.009964503,0.009542472,No
512,30000,0.009986654,0.0153,0.009999038,0.154531921,0.017578125,,,,,,,0.010033784,0.00996561,0.009542472,No
512,30000,0.009915163,0.0176,0.009927844,0.155415856,0.0234375,,,,,,,0.010028487,0.009963088,0.009542472,No
512,30000,0.009817339,0.0176,0.009892791,0.156304847,0.013671875,,,,,,,0.010021702,0.009955801,0.009542472,No
512,30000,0.009864847,0.015566667,0.009945683,0.157198923,0.017578125,,,,,,,0.010017901,0.009951253,0.009542472,No
512,30000,0.009908848,0.015466667,0.009953105,0.158098113,0.01953125,,,,,,,0.010014661,0.009949133,0.009542472,No
512,30000,0.009874634,0.0205,0.009886438,0.159002447,0.01171875,,,,,,,0.01000825,0.009945408,0.009542472,No
512,30000,0.009808447,0.021233333,0.009901621,0.159911954,0.029296875,,,,,,,0.010002919,0.00993856,0.009542472,No
512,30000,0.00979535,0.020233333,0.009897704,0.160826663,0.017578125,,,,,,,0.009997658,0.009931399,0.009542472,No
512,30000,0.009839662,0.017333333,0.00992895,0.161746604,0.017578125,,,,,,,0.009994223,0.009926812,0.009542472,No
512,30000,0.009840775,0.0179,0.009902564,0.162671808,0.021484375,,,,,,,0.00998964,0.009922511,0.009542472,No
512,30000,0.009806931,0.018366667,0.009927505,0.163602304,0.017578125,,,,,,,0.009986533,0.009916732,0.009542472,No
512,30000,0.009813092,0.021033333,0.009854489,0.164538122,0.0234375,,,,,,,0.009979931,0.00991155,0.009542472,No
512,30000,0.009819106,0.020233333,0.009910071,0.165479293,0.01953125,,,,,,,0.009976438,0.009906927,0.009542472,No
512,30000,0.009866392,0.0246,0.00980336,0.166425848,0.01953125,,,,,,,0.009967784,0.009904901,0.009542472,No
512,30000,0.009685237,0.024466667,0.009825863,0.167377817,0.03515625,,,,,,,0.009960688,0.009893917,0.009542472,No
512,30000,0.009783583,0.0253,0.009822256,0.168335232,0.01953125,,,,,,,0.009953766,0.009888401,0.009542472,No
512,30000,0.009697163,0.024566667,0.009814637,0.169298123,0.03125,,,,,,,0.00994681,0.009878839,0.009542472,No
512,30000,0.009714238,0.023866667,0.009809559,0.170266521,0.04296875,,,,,,,0.009939947,0.009870609,0.009542472,No
512,30000,0.00991102,0.0247,0.009729598,0.17124046,0.015625,,,,,,,0.00992943,0.009872629,0.009542472,No
512,30000,0.009725463,0.028066667,0.009771704,0.172219969,0.02734375,,,,,,,0.009921544,0.009865271,0.009542472,No
512,30000,0.009614214,0.027733333,0.00971705,0.173205081,0.037109375,,,,,,,0.009911319,0.009852718,0.009542472,No
512,30000,0.009739107,0.024733333,0.009734636,0.174195828,0.03125,,,,,,,0.009902485,0.009847038,0.009542472,No
512,30000,0.009639477,0.023866667,0.009723427,0.175192242,0.0234375,,,,,,,0.009893532,0.00983666,0.009542472,No
512,30000,0.009720428,0.025866667,0.009685261,0.176194355,0.025390625,,,,,,,0.009883118,0.009830848,0.009542472,No
512,30000,0.009658053,0.0252,0.009738738,0.177202201,0.0234375,,,,,,,0.009875899,0.009822208,0.009542472,No
512,30000,0.009755954,0.028433333,0.009646849,0.178215812,0.021484375,,,,,,,0.009864447,0.009818896,0.009542472,No
512,30000,0.009635677,0.030133333,0.009655257,0.179235221,0.0234375,,,,,,,0.009853987,0.009809735,0.009542472,No
512,30000,0.009529164,0.034866667,0.009634919,0.18026046,0.03515625,,,,,,,0.009843034,0.009795706,0.009542472,No
512,30000,0.009523767,0.0306,0.009636912,0.181291565,0.03515625,,,,,,,0.009832728,0.009782109,0.009542472,No
512,30000,0.009697389,0.0272,0.009696034,0.182328567,0.02734375,,,,,,,0.009825893,0.009777873,0.009542472,No
512,30000,0.009661461,0.031033333,0.009619824,0.183371501,0.009765625,,,,,,,0.00981559,0.009772053,0.009542472,No
512,30000,0.009549755,0.031033333,0.009650375,0.184420401,0.025390625,,,,,,,0.009807329,0.009760938,0.009542472,No
512,30000,0.009548864,0.032266667,0.009607488,0.1854753,0.03515625,,,,,,,0.009797337,0.009750334,0.009542472,No
512,30000,0.009405558,0.030466667,0.009623853,0.186536234,0.03515625,,,,,,,0.009788663,0.009733095,0.009542472,No
512,30000,0.009606211,0.032366667,0.009627092,0.187603236,0.0234375,,,,,,,0.009780584,0.009726751,0.009542472,No
512,30000,0.009553801,0.037633333,0.009581495,0.188676341,0.029296875,,,,,,,0.00977063,0.009718103,0.009542472,No
512,30000,0.009520367,0.033066667,0.009609411,0.189755585,0.037109375,,,,,,,0.009762569,0.009708217,0.009542472,No
512,30000,0.00940245,0.034366667,0.009668818,0.190841002,0.033203125,,,,,,,0.009757881,0.009692928,0.009542472,No
512,30000,0.00943065,0.0357,0.009606182,0.191932628,0.03515625,,,,,,,0.009750296,0.009679814,0.009542472,No
512,30000,0.009656993,0.036733333,0.009618673,0.193030498,0.0234375,,,,,,,0.009743715,0.009678673,0.009542472,No
512,30000,0.009679861,0.032933333,0.009619166,0.194134648,0.03515625,,,,,,,0.009737488,0.009678733,0.009542472,No
512,30000,0.009415816,0.030266667,0.009613699,0.195245114,0.021484375,,,,,,,0.009731298,0.009665587,0.009542472,No
512,30000,0.00933604,0.033033333,0.00957204,0.196361931,0.046875,,,,,,,0.009723335,0.00964911,0.009542472,No
512,30000,0.009615052,0.0346,0.009566992,0.197485137,0.0234375,,,,,,,0.009715518,0.009647407,0.009542472,No
512,30000,0.009611612,0.034166667,0.009585866,0.198614768,0.029296875,,,,,,,0.009709035,0.009645617,0.009542472,No
512,30000,0.009520446,0.0341,0.009572008,0.19975086,0.0390625,,,,,,,0.009702184,0.009639358,0.009542472,No
512,30000,0.009580128,0.034466667,0.009577425,0.200893451,0.015625,,,,,,,0.009695946,0.009636397,0.009542472,No
512,30000,0.009431575,0.037833333,0.009548121,0.202042578,0.03125,,,,,,,0.009688555,0.009626156,0.009542472,No
512,30000,0.009417853,0.034666667,0.00957462,0.203198278,0.041015625,,,,,,,0.009682858,0.009615741,0.009542472,No
512,30000,0.009362163,0.037533333,0.009593173,0.204360588,0.041015625,,,,,,,0.009678374,0.009603062,0.009542472,No
512,30000,0.009439012,0.039633333,0.009490408,0.205529547,0.041015625,,,,,,,0.009668976,0.009594859,0.009542472,No
512,30000,0.009631353,0.0373,0.009521068,0.206705192,0.02734375,,,,,,,0.00966158,0.009596684,0.009542472,No
512,30000,0.009395978,0.035533333,0.009515081,0.207887563,0.048828125,,,,,,,0.009654255,0.009586649,0.009542472,No
512,30000,0.009447467,0.04,0.009494712,0.209076696,0.044921875,,,,,,,0.009646278,0.00957969,0.009542472,No
512,30000,0.009451793,0.040766667,0.009483858,0.210272632,0.0390625,,,,,,,0.009638157,0.009573295,0.009542472,No
512,30000,0.009568607,0.040266667,0.009497378,0.211475408,0.0234375,,,,,,,0.009631118,0.00957306,0.009542472,No
512,30000,0.009371746,0.0362,0.009692522,0.212685064,0.0546875,,,,,,,0.009634188,0.009562995,0.009542472,No
512,30000,0.009518434,0.035933333,0.009541759,0.21390164,0.048828125,,,,,,,0.009629567,0.009560767,0.009542472,No
512,30000,0.009627298,0.030066667,0.009634202,0.215125174,0.033203125,,,,,,,0.009629799,0.009564093,0.009542472,No
512,30000,0.009568497,0.038533333,0.009569302,0.216355707,0.037109375,,,,,,,0.009626774,0.009564313,0.009542472,No
512,30000,0.00959458,0.038066667,0.009562101,0.217593279,0.05078125,,,,,,,0.00962354,0.009565827,0.009542472,No
512,30000,0.009670501,0.040033333,0.009531428,0.21883793,0.029296875,,,,,,,0.009618935,0.00957106,0.009542472,No
512,30000,0.009526399,0.037433333,0.009560038,0.220089701,0.056640625,,,,,,,0.00961599,0.009568827,0.009542472,No
512,30000,0.009460278,0.0373,0.009541555,0.221348632,0.037109375,,,,,,,0.009612268,0.0095634,0.009542472,No
512,30000,0.009517876,0.036766667,0.00954804,0.222614763,0.021484375,,,,,,,0.009609057,0.009561124,0.009542472,No
512,30000,0.009445084,0.0376,0.00950702,0.223888138,0.044921875,,,,,,,0.009603955,0.009555322,0.009542472,No
512,30000,0.00949976,0.038066667,0.009470273,0.225168796,0.017578125,,,,,,,0.009597271,0.009552544,0.009542472,No
512,30000,0.009484376,0.037866667,0.009505114,0.226456779,0.0390625,,,,,,,0.009592663,0.009549135,0.009542472,No
368,30000,0.012963333,0.0354,0.009497336,0.22775213,0.046195652,,,,,,,0.009587897,0.009719845,0.009542472,No
512,30000,0.013283761,0.026233333,0.010093217,0.229054891,0.017578125,0.0367,0.229054891,0.100563074,0.009874055,0.022214286,4,0.009613163,0.009898041,0.009542472,No
512,30000,0.010201097,0.015,0.010546112,0.230365103,0.01953125,,,,,,,0.00965981,0.009913194,0.009542472,No
512,30000,0.010443124,0.0115,0.010472779,0.23168281,0.01953125,,,,,,,0.009700459,0.00993969,0.009542472,No
512,30000,0.010384148,0.008766667,0.010308113,0.233008054,0.005859375,,,,,,,0.009730841,0.009961913,0.009542472,No
512,30000,0.010228201,0.009466667,0.010525867,0.234340879,0.01171875,,,,,,,0.009770593,0.009975228,0.009542472,No
512,30000,0.010334595,0.0062,0.010642048,0.235681327,0.01171875,,,,,,,0.009814165,0.009993196,0.009542472,No
512,30000,0.01060292,0.0069,0.010404653,0.237029443,0.009765625,,,,,,,0.00984369,0.010023682,0.009542472,No
512,30000,0.010316161,0.005966667,0.010404806,0.238385271,0.0078125,,,,,,,0.009871746,0.010038306,0.009542472,No
512,30000,0.010339756,0.0045,0.010601277,0.239748853,0.00390625,,,,,,,0.009908222,0.010053379,0.009542472,No
512,30000,0.010524176,0.004866667,0.010424379,0.241120236,0.005859375,,,,,,,0.00993403,0.010076918,0.009542472,No
512,30000,0.010352839,0.006066667,0.010423795,0.242499463,0.0078125,,,,,,,0.009958518,0.010090714,0.009542472,No
512,30000,0.010351305,0.005733333,0.01042375,0.243886579,0.001953125,,,,,,,0.00998178,0.010103744,0.009542472,No
512,30000,0.010338017,0.004666667,0.010479855,0.24528163,0.005859375,,,,,,,0.010006684,0.010115458,0.009542472,No
512,30000,0.010413766,0.0045,0.010599974,0.246684661,0.00390625,,,,,,,0.010036348,0.010130373,0.009542472,No
512,30000,0.010535718,0.004566667,0.01048539,0.248095717,0.001953125,,,,,,,0.0100588,0.01015064,0.009542472,No
512,30000,0.010433923,0.004866667,0.01042419,0.249514844,0.001953125,,,,,,,0.01007707,0.010164804,0.009542472,No
512,30000,0.010352424,0.005533333,0.01052263,0.250942089,0.005859375,,,,,,,0.010099348,0.010174185,0.009542472,No
512,30000,0.010452124,0.0054,0.01082661,0.252377498,0.005859375,,,,,,,0.010135711,0.010188082,0.009542472,No
512,30000,0.010822071,0.004933333,0.010424391,0.253821117,0.00390625,,,,,,,0.010150145,0.010219782,0.009542472,No
512,30000,0.010356472,0.004966667,0.010445453,0.255272994,0.01171875,,,,,,,0.01016491,0.010226616,0.009542472,No
512,30000,0.010400256,0.004866667,0.010425275,0.256733176,0.00390625,,,,,,,0.010177928,0.010235298,0.009542472,No
512,30000,0.01036246,0.004866667,0.010424133,0.258201711,0.005859375,,,,,,,0.010190239,0.010241656,0.009542472,No
512,30000,0.010353179,0.0044,0.011906737,0.259678645,0.005859375,,,,,,,0.010276064,0.010247232,0.009542472,No
512,30000,0.011861961,0.004866667,0.010424176,0.261164028,0.00390625,,,,,,,0.010283469,0.010327969,0.009542472,No
512,30000,0.010350701,0.004866667,0.010424254,0.262657907,0.005859375,,,,,,,0.010290508,0.010329106,0.009542472,No
512,30000,0.010359113,0.004866667,0.010427043,0.264160331,0.005859375,,,,,,,0.010297335,0.010330606,0.009542472,No
512,30000,0.010354578,0.004966667,25.26909479,0.265671349,0,,,,,,,1.273237208,0.010331805,0.009542472,Yes
,,,,,,,,,,,,,0.009542472,0.009459274,,
